PAO1,PA14,PSP,PST,PSS,Gene_name,Function,Pathway,Notes,
PA0011,,PSPPH_0014  ,PSPTO_0182 ,Psyr_0014  ,htrB1 (LpxL),lipid A biosynthesis acyltransferase,Mod,See https://pmc.ncbi.nlm.nih.gov/articles/PMC4626592/ for role in PAO1,
PA5012,,PSPPH_0510  ,PSPTO_5003  ,Psyr_0520  ,WaaF,"Glycosyl transferase, family 9",Incore,,
PA5011,,PSPPH_0511  ,PSPTO_5002  ,Psyr_0521  ,WaaC,"Glycosyl transferase, family 9",Incore,,
PA5010,,PSPPH_0512  ,PSPTO_5001  ,Psyr_0522  ,WaaG,"Three-deoxy-D-manno-octulosonic-acid transferase, N-terminal",Incore,,
PA5009,,PSPPH_0513  ,PSPTO_5000  ,Psyr_0523  ,WaaP,Lipopolysaccharide kinase,Incore,,
PA5008,,PSPPH_0514,PSPTO_4999,Psyr_0524,WapP,lipopolysaccharide kinase,Incore,,
PA5007,,PSPPH_0515,PSPTO_4998,Psyr_0525,WapQ,lipopolysaccharide kinase,Incore,aka WapG,
PA5006,,PSPPH_0516,PSPTO_4997,Psyr_0526,uKina1,kinase,Incore,namings for rest of in core operon based on https://pmc.ncbi.nlm.nih.gov/articles/PMC8005017/,
PA5005,,PSPPH_0519,PSPTO_4992,Psyr_0528,WapO,Carbamoyltransferase,Incore,,
PA5004,,PSPPH_0520,PSPTO_4991,Psyr_0529,WapH,Glycosyltransferase ,Incore,,
PA5003,,PSPPH_0521,PSPTO_4990,Psyr_0530,uGlyc6,Hypothetical protein,Incore,,
PA5002,,PSPPH_0522,PSPTO_4989,Psyr_0531,DnpA,Hypothetical protein,Incore,Name in PAO1 only ,
PA5001,,PSPPH_0523,PSPTO_4988,Psyr_0532,Ssg,"cell surface-sugar biosynthetic glycosyltransferase, Ssg",Incore,,
PA5000,,PSPPH_0524,PSPTO_4987,Psyr_0533,uHypo4,Hypothetical protein,Incore,Very low percentage similarity to PAO1 WapR,
PA4999,,PSPPH_0525,PSPTO_4986,Psyr_0534,WaaL-like,Hypothetical protein,Incore,Very low percentage similarity to PAO1,
PA4998,,PSPPH_0526,PSPTO_4985,Psyr_0535,uHypo5,toluene tolerance protein,Incore,,
PA4997,,PSPPH_0527,PSPTO_4984,Psyr_0536,msbA,transport protein MsbA,Incore,,
PA4996,,PSPPH_0528,PSPTO_4983,Psyr_0537,rfaE,LPS biosynthesis protein RfaE,Incore,,
,,,,,,,,,
,,,,,,,,,
PA0705,,PSPTO_1330,,,migA,Glycosyltransferase α-l-Rha-(1→6),Incore,,
,,PSPTO_2767,,,,,,,
,,PSPPH_0533  ,PSPTO_4978  ,Psyr_0542  ,KdtA,"Three-deoxy-D-manno-octulosonic-acid transferase, N-terminal",LipA,,
,,PSPPH_1001  ,PSPTO_5636  ,Psyr_0953  ,PagL,conserved hypothetical protein (KO: lipid A 3-O-deacylase [EC:3.1.1.-]),Mod,See https://pmc.ncbi.nlm.nih.gov/articles/PMC4626592/ for role in PAO1,
,,PSPPH_3830  ,PSPTO_1544  ,Psyr_1353  ,LpxD,UDP-3-O-[3-hydroxymyristoyl] glucosamine N-acyltransferase,LipA,,
,,PSPPH_3828  ,PSPTO_1546  ,Psyr_1355  ,LpxA,acyl-[acyl-carrier-protein]--UDP-N-acetylglucosamine O-acyltransferase,LipA,,
,,PSPPH_3827  ,PSPTO_1547  ,Psyr_1356  ,LpxB,lipid-A-disaccharide synthase,LipA,,
,,PSPPH_1546  ,PSPTO_5584 ,Psyr_1562  ,EptA,phosphatidylethanolamine:Kdo2-lipid A phosphoethanolamine transferase,Mod,,
,,,PSPTO_3923,,EptA2,phosphatidylethanolamine:Kdo2-lipid A phosphoethanolamine transferase,Mod,second paralogue in DC3000,
,,PSPPH_1567  ,PSPTO_3901  ,Psyr_1584  ,LpxO,Aspartyl/Asparaginyl beta-hydroxylase,Mod,There are two variants in PA,
PA3242 ,,PSPPH_1607  ,PSPTO_3871  ,Psyr_1614  ,htrB2 (LpxL),lipid A biosynthesis acyltransferase (may be temp regulated in PAO1 according to annotation aka htrB2),Mod,Same as 0014 (for PSP and Psyr)?; Same as 0182 for 3871. Is more similar to LpxP than the other homologue.,
,,PSPPH_1628  ,PSPTO_3845  ,Psyr_1635  ,LpxK,lipid-A-disaccharide kinase,LipA,,
,,PSPPH_1676  ,PSPTO_3745  ,Psyr_1732  ,LpxH(/I?),"UDP-2,3-diacylglucosamine hydrolase",LipA,,
,,PSPPH_2804,,Psyr_2691,ArnA,bifunctional UDP-glucuronic acid decarboxylase/UDP-4-amino-4-deoxy-L-arabinose formyltransferase,Arn,best hit for DC3000 is fmt (33%),
,,PSPPH_2802,,Psyr_2689,ArnB,UDP-4-amino-4-deoxy-L-arabinose--oxoglutarate aminotransferase,Arn,truncated in 1448a; best hit for DC3000 is PSPTO_1072 (33%),
PA3553,,PSPPH_2803,,Psyr_2690,ArnC,glycosyl transferase family protein,Arn,best hit for DC3000 is PSPTO_1071 (30%),
,,PSPPH_2805,,Psyr_2692,ArnD,polysaccharide deacetylase,Arn,no hit for DC3000,
,,PSPPH_2807,,Psyr_2694,ArnE,,Arn,no hit for DC3000,
,,PSPPH_2808,,Psyr_2695,ArnF,,Arn,best hit for DC3000 is PSPTO_2890 in 2 sections (>75%),
,,PSPPH_2809,PSPTO_2891,Psyr_2696,uArn,UDP-glucose 6-dehydrogenase,Arn,best hit for DC3000 is PSPTO_2891 (93%) but PSPTO_5585 also close,
,,PSPPH_2806  ,PSPTO_5588,Psyr_2693  ,ArnT,"Glycosyl transferase, family 39",Arn,"*found  dc3000 with blastp; has only 23% identity to b728a, may not be functional",
,,PSPPH_4102  ,PSPTO_4402  ,Psyr_4096  ,LpxC,UDP-3-O-[3-hydroxymyristoyl] N-acetylglucosamine deacetylase,LipA,,
,,,,,,,,,
,,,,,,,,,
,,PSPPH_4076,PSPTO_4375,Psyr_4071,LpxF(?),,Mod,"* lodas of gaps, but next to ColRS",
PA5194,PA14_68620,,,,LpxT,lipid A kinase,Mod,from https://pmc.ncbi.nlm.nih.gov/articles/PMC4213358/ but no analogues in these 3 species with blastp,
,,PSPPH_3730,PSPTO_1679,Psyr_3709,PhoP,DNA-binding response regulator PhoP,Reg,,
,,PSPPH_3729,PSPTO_1680,Psyr_3708,PhoQ,sensor histidine kinase PhoQ,Reg,,
PA4776,,PSPPH_3453,PSPTO_1894,Psyr_3511,PmrA-like,DNA-binding response regulator QseB,Reg,"*Hit from PAO1 with no gaps, others exist",
PA4777,,PSPPH_3454,PSPTO_1893,Psyr_3512,PmrB-like,sensor histidine kinase QseC,Reg,* sensor B kinase has way lower %identity and more gaps; annotated as QseC/B in psp,
,,PSPPH_3554,PSPTO_3748,Psyr_1730,EmrA,"	secretion protein HlyD",Emr,*annotated as secretion protein HlyD in b728a,
,,PSPPH_3553,PSPTO_3747,Psyr_1731,EmrB,EmrB/QacA family drug resistance transporter,Emr,"*got sensor B from operon annotations, haven't checked identity",
,,PSPPH_3737,PSPTO_1672,Psyr_3716,ParR,response regulator receiver:transcriptional regulatory protein C-terminal,Reg,*~50% match PAO1; = rsta in psp,
,,PSPPH_3736,PSPTO_1673,Psyr_3715,ParS,sensor histidine kinase,Reg,*~40% match PAO1,
,,PSPPH_4075,PSPTO_4374,Psyr_4070,ColR,response regulator receiver:transcriptional regulatory protein C-terminal,Reg,*only b728a was not annotated already,
,,PSPPH_4074,PSPTO_4373,Psyr_4069,ColS,sensor histidine kinase,Reg,,
,,PSPPH_3955,PSPTO_4224,Psyr_3958,AlgU,RNA polymerase sigma factor AlgU,Reg,,
,,PSPPH_3547,PSPTO_1806,Psyr_3589,CpxR,response regulator receiver:transcriptional regulatory protein C-terminal,Reg,,
,,PSPPH_3550,PSPTO_1803,Psyr_3591,CpxS,sensor histidine kinase,Reg,*again the sensor kinase has lower conservation,
,,PSPPH_3809,PSPTO_1565,Psyr_1374,RpoS,RNA polymerase sigma-38 factor,Reg,Associated with stationary phase permeability (https://journals.asm.org/doi/10.1128/jb.00708-16),
,,PSPPH_3126,PSPTO_3380,Psyr_3211,CvsS,sensor histidine kinase,Reg,Associated with virulence and calcium levels in DC3000 in vitro and in planta https://journals.asm.org/doi/epub/10.1128/jb.00538-17?src=getftr&utm_source=tfo&getft_integrator=tfo,
,,PSPPH_3127,PSPTO_3381,Psyr_3212,CvsR,DNA-binding response regulator,Reg,Associated with virulence and calcium levels in DC3000 in vitro and in planta https://journals.asm.org/doi/epub/10.1128/jb.00538-17?src=getftr&utm_source=tfo&getft_integrator=tfo,
,,PSPPH_0945,,,ISPsy22,"ISPsy22, transposase truncated; 1446 is an inparalog",CPA,https://journals.asm.org/doi/10.1128/jb.00142-20,
,,PSPPH_0946,,,,hypothetical protein,CPA,,
,,PSPPH_0947,,,,hypothetical protein,CPA,,
,,PSPPH_0948,,,tRNA-Met,tRNA-Met,CPA,,
,,PSPPH_0949,PSPTO_1065,Psyr_0912,uDnaJ,DnaJ domain-containing protein,CPA,*hls shows conserved with PSP accoridng to clinker,
,,PSPPH_0950,PSPTO_1066,Psyr_0913,uChTa,methyl-accepting chemotaxis protein,CPA,DC3000 may also have pspto 1008,
PA5447,PA14_71910,PSPPH_0951,,Psyr_0914,WbpZ,glycosyl transferase WbpZ,CPA,"Only orthologues in DC3000 3536/3446, only ~24%",
PA5454,PA14_72000,PSPPH_0952,PSPTO_1007,Psyr_0915,rmd-like,NAD dependent epimerase/dehydratase,CPA,"DC3000 orthologue only 30%, similar to gmd",
PA5453,PA14_71990,PSPPH_0953,PSPTO_1005 ,Psyr_0916,gmd,NAD dependent epimerase/dehydratase,CPA,,
PA5451,PA14_71960,PSPPH_0954,PSPTO_1076,Psyr_0917,wzm,"lipopolysaccharide ABC export system, permease",CPA,*note conservation of PSPTO with other species is very low (<~0.3),
PA5450,PA14_71940,PSPPH_0955,PSPTO_1075,Psyr_0918,wzt,"lipopolysaccharide ABC export system, ATP-binding protein",CPA,,
,,PSPPH_0956,,Psyr_0919,WbbD,class I SAM-dependent methyltransferase,CPA,No DC3000 orthologue with more than 140 alignment (out of >500); note not the same as WbpD (doesn’t come up in blastP with Pao1 wbpd),
,,PSPPH_0957,,Psyr_0920,uGlyc1,group 1 glycosyl transferase,CPA,,
,,PSPPH_0958,,,,"CDP-glucose-4,6-dehydratase",CPA,,
,,PSPPH_0959,,,,NAD-dependent epimerase/dehydratase family protein,CPA,,
,,PSPPH_0960,,,,glycosyl transferase family protein,CPA,,
,,PSPPH_0961,,,,glucose-1-phosphate cytidylyltransferase,CPA,Description from WP group,
,,PSPPH_0962,,,,flippase-like domain-containing protein,CPA,Description from WP group,
,,PSPPH_0963,,,,NAD_P_/FAD-dependent oxidoreductase ,CPA,,
,,PSPPH_0964,,,,hypothetical protein,CPA,,
,,PSPPH_0965,,,,hypothetical protein,CPA,,
,,PSPPH_0966,,,ISPsy23,"ISPsy23, transposition helper protein",CPA,,
,,,,Psyr_0921,,GtrA-like protein,CPA,,
,,,,Psyr_0922,,glycosyl transferase family protein,CPA,,
,,,,Psyr_0923,,hypothetical protein,CPA,,
,,PSPPH_0967,PSPTO_1079,Psyr_0924,rfbA,glucose-1-phosphate thymidylyltransferase,CPA,,
,,PSPPH_0968,PSPTO_1080,Psyr_0925,rfbD,dTDP-4-dehydrorhamnose reductase,CPA,called rfB-1 in dc3000,
,,PSPPH_0969,PSPTO_1081,Psyr_0926,rfbB2,"dTDP-glucose 4,6-dehydratase",CPA,,
,,PSPPH_0970,,Psyr_0927,uOmet,O-methyltransferase I,CPA,,
,,,PSPTO_1067,,,glycosyl transferase family protein,CPA,,
,,,PSPTO_1068,,,membrane protein,CPA,,
,,,PSPTO_1069,,,membrane protein,CPA,,
,,,PSPTO_1070,,,lipopolysaccharide biosynthesis protein,CPA,,
,,,PSPTO_1071,,,glycosyl transferase family protein,CPA,,
,,,PSPTO_1072,,,DegT/DnrJ/EryC1/StrS family aminotransferase,CPA,,
,,,PSPTO_1073,,,membrane protein,CPA,pspph one is missing from orthologue sheet,
,,PSPPH_0975,PSPTO_1074,Psyr_0929,uGlyc2,glycosyl transferase family protein,CPA,*from DC3000 naming,
,,PSPPH_0149,PSPTO_1077,Psyr_4936,rfbC-1,"dTDP-4-dehydrorhamnose 3,5-epimerase",CPA,part of second cluster in all the species,
,,,PSPTO_5397,,rfbC-2,"dTDP-4-dehydrorhamnose 3,5-epimerase",CPA,no orthologues in other species,
,,,PSPTO_1078,,,lipopolysaccharide biosynthesis protein,CPA,called rfB-2 in dc3000,
,,PSPPH_0150,PSPTO_5396,Psyr_4935,rfbB1,"dTDP-glucose 4,6-dehydratase",CPA,,
,,PSPPH_0976,,,,hypothetical protein,CPA,,
,,PSPPH_0977,,Psyr_0930,uGlyc3,glycosyl transferase family protein,CPA,,
,,PSPPH_0978,,Psyr_0931,uHemo1,hemolysin-type calcium-binding region,CPA,,
,,PSPPH_0979,,Psyr_0932,uHypo1,hypothetical protein,CPA,names and labels from b728a,
,,PSPPH_0980,,Psyr_0933,PrtD/AprD,"Type I secretion system ATPase, PrtD",CPA,names and labels from b728a,
,,PSPPH_0981,,Psyr_0934,HlyD,"Type I secretion membrane fusion protein, HlyD",CPA,names and labels from b728a,
,,PSPPH_0982,,Psyr_0935,TolC,"Type I secretion outer membrane protein, TolC",CPA,,
PA5448,PA14_71920,PSPPH_0983,PSPTO_3447??,Psyr_0936,WbpY-like,group 1 glycosyl transferase (~38% identity with WbpY),CPA,50% identity with PAO1 wbpW,
PA5452,PA14_71970,PSPPH_0984,,Psyr_0937,WbpW-like,mannose-1-phosphate guanylyltransferase,CPA,,
PA5449,PA14_71930,,,,WbpX,glycosyltransferase WbpX,CPA,,
PA5455,PA14_72010,,,,uGlyc4,putative glycosyltransferase,CPA,Second operon in the PA species from 5455-59,
PA5456,PA14_72020,,,,uGlyc5,putative glycosyltransferase,CPA,,
PA5457,PA14_72030,,,,uMeth1,methyltransferase,CPA,,
PA5458,PA14_72040,,,,uAcet1,putative acetyltransferase,CPA,,
PA5459,PA14_72050,,,,uMeth2,putative methyltransferase,CPA,,
PA5460,PA14_72060,,,,uHypo2,hypothetical protein,CPA,,
PA5468,PA14_72170,,,,uCitr1,citrate transporter,CPA,Nearby citrate transporter to OPS operon,
,,,,,,,,,
,,,,,,,,,
,,,,,,,,,
,,,,,,,,,
PA3162,PA14_23330,PSPPH_3662,PSPTO_1750,Psyr_3642,rpsA,30S ribosomal protein S1,Rib,,
PA3161,PA14_23340,PSPPH_3661,PSPTO_1751,Psyr_3641,ihfB,integration host factor subunit beta,OSA,https://pubmed.ncbi.nlm.nih.gov/31559681/#&gid=article-figures&pid=figure-2-uid-1,
,PA14_23350,,PSPTO_1752,Psyr_3640,uHypo3,hypothetical protein,OSA,,
,,PSPPH_3659,PSPTO_1753,Psyr_3639,uBlac,Beta-lactamase-like:RNA-metabolising metallo-beta-lactamase,OSA,,
,,PSPPH_3658,PSPTO_1754,Psyr_3638,uUGlcEp,UDP-glucose 4-epimerase,OSA,,
PA3145,PA14_23460,PSPPH_3657,PSPTO_1755,Psyr_3637,wbpL,glycoside hydrolase family protein,OSA,Same as rfb303 in Xan (40%) which has been studied https://journals.plos.org/plosone/article?id=10.1371/journal.pone.0040051,
PA3141,PA14_23470,PSPPH_3656,PSPTO_1756,Psyr_3636,wbpM,nucleotide sugar epimerase/dehydratase WbpM,OSA,,
,,PSPPH_3655,PSPTO_1757,Psyr_3635,ComEA,competence protein,OSA,,
,,PSPPH_3654,PSPTO_1758,Psyr_3634,TetR,TetR family transcriptional regulator,OSA,,
,,PSPPH_3653,PSPTO_1760,Psyr_3633,uT/Strp,threonine/serine transporter,OSA,,
,,PSPPH_3660,,,,hypothetical protein,OSA,May equal PSPTO_1752,
,,,PSPTO_1759,,,hypothetical protein,OSA,,
PA3146,PA14_23450,,,,WbpK,probable NAD-dependent epimerase/dehydratase WbpK,OSA,"if not unk next to hypothetical, need to check WP family still",
PA3147,,,,,WbpJ,probable glycosyl transferase WbpJ,OSA,,
PA3148,PA14_23370 ,,,,WbpI,UDP-N-acetylglucosamine 2-epimerase WbpI,OSA,,
,PA14_23440,,,,orfL,group 1 glycosyl transferase,OSA,,
,PA14_23430,,,,HepP,Heparinase,OSA,,
,PA14_23420,,,,ZbdP,zinc-binding dehydrogenase,OSA,zbdP and hepP constitute an operon whose expression in PA14 is enhanced by thermal injury-induced changes in blood (PMID:29246112).,
,PA14_23410,,,,orfJ,glycosyl transferase family protein,OSA,,
,PA14_23400,,,,,hypothetical protein,OSA,,
,PA14_23390,,,,orfE,polysaccharide biosynthesis protein,OSA,,
,PA14_23380,,,,orfH,UDP-N-acetyl-D-mannosaminuronate dehydrogenase,OSA,,
PA3149,,,,,WbpH,probable glycosyltransferase WbpH,OSA,,
PA3150,,,,,WbpG,LPS biosynthesis protein WbpG,OSA,,
PA3151,,,,,hisF2,"imidazoleglycerol-phosphate synthase, cyclase subunit",OSA,,
PA3152,,,,,hisH2,glutamine amidotransferase,OSA,,
PA3153,,,,,wzx,O-antigen  translocase,OSA,,
PA3154,,,,,wzy,B-band O-antigen polymerase,OSA,,
PA3155,,,,,wbpE,"UDP-2-acetamido-2-dideoxy-d-ribo-hex-3-uluronic acid transaminase, wbpE",OSA,,
PA3156,,,,,wbpD,"UDP-2-acetamido-3-amino-2,3-dideoxy-d-glucuronic acid N-acetyltransferase, WbpD",OSA,,
PA3157,,,,,wbpC,probable acetyltransferase,OSA,,
PA3158,,,,,wbpB,"UDP-2-acetamido-2-deoxy-d-glucuronic acid 3-dehydrogenase, WbpB",OSA,,
PA3159,,,,,wbpA,UDP-N-acetyl-d-glucosamine 6-Dehydrogenase,OSA,,
PA3160,PA14_23360,,,,wzz1,O-antigen chain length regulator,OSA,see review: https://www.tandfonline.com/doi/full/10.2217/17460913.3.2.191; no hits in syringae,
PA0938,,,,,wzz2,O-antigen chain length regulator,OSA,see review: https://www.tandfonline.com/doi/full/10.2217/17460913.3.2.191; no hits in syringae,
PA0936,,,,,LpxO2,lipopolysaccharide biosynthetic protein LpxO2,mod,,
,,PSPPH_1107,PSPTO_1232,Psyr_1052,algA,alginate biosynthesis protein AlgA,Alg,Found in hit for wbpW,
,,PSPPH_1108,PSPTO_1233,Psyr_1053,algF,alginate biosynthesis protein AlgF,Alg,,
,,PSPPH_1109,PSPTO_1234,Psyr_1054,algJ,alginate biosynthesis protein AlgJ,Alg,,
,,PSPPH_1110,PSPTO_1235,Psyr_1055,algI,alginate biosynthesis protein AlgI,Alg,,
,,PSPPH_1111,PSPTO_1236,Psyr_1056,algL,poly(beta-D-mannuronate) lyase,Alg,,
,,PSPPH_1112,PSPTO_1237,Psyr_1057,algX,alginate biosynthesis protein AlgX,Alg,,
,,PSPPH_1113,PSPTO_1238,Psyr_1058,algG,alginate biosynthesis protein AlgG,Alg,,
,,PSPPH_1114,PSPTO_1239,Psyr_1059,algE,alginate biosynthesis protein AlgE,Alg,,
,,PSPPH_1115,PSPTO_1240,Psyr_1060,algK,alginate biosynthesis protein AlgK,Alg,,
,,PSPPH_1116,PSPTO_1241,Psyr_1061,alg44,alginate biosynthesis protein Alg44,Alg,,
,,PSPPH_1117,PSPTO_1242,Psyr_1062,alg8,alginate biosynthesis protein Alg8,Alg,,
,,PSPPH_1118,PSPTO_1243,Psyr_1063,algD,alginate biosynthesis protein AlgD,Alg,,
,,PSPPH_3222,PSPTO_3529,Psyr_3301,PslA,capsular polysaccharide biosynthesis protein PslA,Psl,,
,,PSPPH_3223,PSPTO_3530,Psyr_3302,PslB,mannose-1-phosphate guanylyltransferase/mannose-6-phosphate isomerase PslB,Psl,is pslb in dc3000 also found in hit for wbpW,
,,PSPPH_3224,PSPTO_3531,Psyr_3303,PslD,lipoprotein PslD,Psl,,
,,PSPPH_3225,PSPTO_3532,Psyr_3304,PslE,exopolysaccharide biosynthesis protein PslE,Psl,,
,,PSPPH_3226,PSPTO_3533,Psyr_3305,PslF,"glycosyl transferase, group 1 family protein PslF",Psl,,
,,PSPPH_3227,PSPTO_3534,Psyr_3306,PslG,"glycosyl hydrolase, family 5 PslG",Psl,,
,,PSPPH_3228,PSPTO_3535,Psyr_3307,PslH,"glycosyl transferase, group 1 family protein PslH",Psl,,
,,PSPPH_3229,PSPTO_3536,Psyr_3308,PslI,"glycosyl transferase, group 1 family protein PslI",Psl,,
,,PSPPH_3230,PSPTO_3537,Psyr_3309,PslJ,membrane protein PslJ,Psl,,
,,PSPPH_3231,PSPTO_3538,Psyr_3310,uPsl,"transferase, hexapeptide repeat protein",Psl,,
,,PSPPH_3232,PSPTO_3539,Psyr_3311,PslK,membrane protein PslK,Psl,,
,,PSPPH_0212,PSPTO_0089  ,Psyr_0224  ,rpmB,,Rib,,
,,PSPPH_0213,PSPTO_0090  ,Psyr_0225  ,rpmG,,Rib,,
,,PSPPH_0386,PSPTO_4183  ,Psyr_0399  ,rpmE,,Rib,,
,,PSPPH_0576,PSPTO_4933  ,Psyr_0581  ,rpsF,,Rib,,
,,PSPPH_0577,PSPTO_4932  ,Psyr_0582  ,rpsR,,Rib,,
,,PSPPH_0579,PSPTO_4930  ,Psyr_0584  ,rplI,,Rib,,
,,PSPPH_0713,PSPTO_0797  ,Psyr_0701  ,rplU,,Rib,,
,,PSPPH_0714,PSPTO_0798  ,Psyr_0702  ,rpmA,,Rib,,
,,PSPPH_0718,PSPTO_0802  ,Psyr_0707  ,rpsT,,Rib,,
,,PSPPH_0990,PSPTO_1103,Psyr_0943  ,uRib,,Rib,,
,,PSPPH_1354,PSPTO_1473  ,Psyr_1282  ,rpsP,,Rib,,
,,PSPPH_1357,PSPTO_1476  ,Psyr_1285  ,rplS,,Rib,,
,,PSPPH_3840,PSPTO_1534  ,Psyr_1343  ,rpsB,,Rib,,
,,PSPPH_1638,PSPTO_3835  ,Psyr_1644  ,rpmF,,Rib,,
,,PSPPH_2137,PSPTO_2380  ,Psyr_2164  ,rpmI,,Rib,,
,,PSPPH_2138,PSPTO_2381  ,Psyr_2165  ,rplT,,Rib,,
,,,PSPTO_5136  ,Psyr_3920  ,rpmE2,,Rib,,
,,PSPPH_4125,PSPTO_4425  ,Psyr_4119  ,rpsI,,Rib,,
,,PSPPH_4126,PSPTO_4426  ,Psyr_4120  ,rplM,,Rib,,
,,PSPPH_4186,PSPTO_4487  ,Psyr_4177  ,rpsO,,Rib,,
,,PSPPH_4566,PSPTO_0652  ,Psyr_4523  ,rplQ,,Rib,,
,,PSPPH_4568,PSPTO_0650  ,Psyr_4525  ,rpsD,,Rib,,
,,PSPPH_4569,PSPTO_0649  ,Psyr_4526  ,rpsK,,Rib,,
,,PSPPH_4570,PSPTO_0648  ,Psyr_4527  ,rpsM,,Rib,,
,,PSPPH_4573,PSPTO_0645  ,Psyr_4529  ,rplO,,Rib,,
,,PSPPH_4574,PSPTO_0644  ,Psyr_4530  ,rpmD,,Rib,,
,,PSPPH_4575,PSPTO_0643  ,Psyr_4531  ,rpsE,,Rib,,
,,PSPPH_4576,PSPTO_0642  ,Psyr_4532  ,rplR,,Rib,,
,,PSPPH_4577,PSPTO_0641  ,Psyr_4533  ,rplF,,Rib,,
,,PSPPH_4578,PSPTO_0640  ,Psyr_4534  ,rpsH,,Rib,,
,,PSPPH_4579,PSPTO_0639  ,Psyr_4535  ,rpsN,,Rib,,
,,PSPPH_4580,PSPTO_0638  ,Psyr_4536  ,rplE,,Rib,,
,,PSPPH_4581,PSPTO_0637  ,Psyr_4537  ,rplX,,Rib,,
,,PSPPH_4582,PSPTO_0636  ,Psyr_4538  ,rplN,,Rib,,
,,PSPPH_4583,PSPTO_0635  ,Psyr_4539  ,rpsQ,,Rib,,
,,PSPPH_4584,PSPTO_0634  ,Psyr_4540  ,rpmC,,Rib,,
,,PSPPH_4585,PSPTO_0633  ,Psyr_4541  ,rplP,,Rib,,
,,PSPPH_4586,PSPTO_0632  ,Psyr_4542  ,rpsC,,Rib,,
,,PSPPH_4587,PSPTO_0631  ,Psyr_4543  ,rplV,,Rib,,
,,PSPPH_4588,PSPTO_0630  ,Psyr_4544  ,rpsS,,Rib,,
,,PSPPH_4589,PSPTO_0629  ,Psyr_4545  ,rplB,,Rib,,
,,PSPPH_4590,PSPTO_0628  ,Psyr_4546  ,rplW,,Rib,,
,,PSPPH_4591,PSPTO_0627  ,Psyr_4547  ,rplD,,Rib,,
,,PSPPH_4592,PSPTO_0626  ,Psyr_4548  ,rplC,,Rib,,
,,PSPPH_4593,PSPTO_0625  ,Psyr_4549  ,rpsJ,,Rib,,
,,PSPPH_4596,PSPTO_0622  ,Psyr_4552  ,rpsG,,Rib,,
,,PSPPH_4597,PSPTO_0621  ,Psyr_4553  ,rpsL,,Rib,,
,,PSPPH_4600,PSPTO_0618  ,Psyr_4556  ,rplL,,Rib,,
,,PSPPH_4601,PSPTO_0617  ,Psyr_4557  ,rplJ,,Rib,,
,,PSPPH_4602,PSPTO_0616  ,Psyr_4558  ,rplA,,Rib,,
,,PSPPH_4603,PSPTO_0615  ,Psyr_4559  ,rplK,,Rib,,
,,PSPPH_0621,PSPTO_0539  ,Psyr_4639  ,rpsU,,Rib,,
,,PSPPH_5223,PSPTO_5615  ,Psyr_5137  ,rpmH,,Rib,,
,,PSPPH_4571,PSPTO_0647  ,,rpmJ,,Rib,,
,,PSPPH_1005,PSPTO_1116,Psyr_0956,cfa1,cyclopropane-fatty-acyl-phospholipid synthase,CFA,,
,,PSPPH_5162,,Psyr_5080,cfa2,cyclopropane-fatty-acyl-phospholipid synthase,CFA,,
,,,,,metJ,Synthesis of the methyl donor SAM,Met,No orthologue,
,,PSPPH_0334,PSPTO_5187,Psyr_0351,metQ-1,D-methionine-binding lipoprotein MetQ,Met,,
,,PSPPH_0270,PSPTO_5260,Psyr_0283,metQ-2,D-methionine-binding lipoprotein MetQ,Met,,
,,PSPPH_0313,PSPTO_5216,Psyr_0328,metQ-like,NLPA family lipoprotein,Met,,
,,PSPPH_0602,PSPTO_0701,Psyr_0607,metC-1,cystathionine beta-lyase,Met,,
,,,PSPTO_4265,,metC-2,cystathionine beta-lyase,Met,,
,,PSPPH_3613,PSPTO_2632,Psyr_3602,metC-like,rhodanese domain protein/cystathionine beta-lyase,Met,,
,,PSPPH_4823,PSPTO_0383,Psyr_4794,metK,,Met,,
,,PSPPH_0332,PSPTO_5189,Psyr_0349,metI-1,D-methionine ABC transporter permease,Met,,
,,PSPPH_0269,PSPTO_5261,Psyr_0282,metI-2,D-methionine ABC transporter permease,Met,,
,,PSPPH_0333,PSPTO_5188,Psyr_0350,metN-1,D-methionine ABC transporter ATP-binding protein,Met,,
,,PSPPH_0268,PSPTO_5262,Psyr_0281,metN-2,DL-methionine transporter ATP-binding subunit,Met,,
,,,,,metL,,Met,No orthologue,
,,PSPPH_0465,PSPTO_5049,Psyr_0474,metX,homoserine O-acetyltransferase,Met,May be the same as MetA,
,,PSPPH_1663,PSPTO_3810,Psyr_1669,metZ,O-succinylhomoserine sulfhydrylase,Met,Best hit for MetB also,
,,PSPPH_3911,PSPTO_4180,Psyr_3917,metR,,Met,,
,,PSPPH_0450,PSPTO_5069,Psyr_0459,metF,,Met,,
,,PSPPH_3910,PSPTO_4179,Psyr_3916,metE,,Met,,
,,PSPPH_0389,PSPTO_5133,Psyr_0402,mrcA,peptidoglycan glycosyltransferase; penicillin binding protein,PG,Note there are other penicillin binding proteins I have not added to this list,
,,"PSPPH_4777	",PSPTO_0431,Psyr_4743,mtgA,monofunctional biosynthetic peptidoglycan transglycosylase,PG,,
,,,,,dacA,D-alanyl-D-alanine carboxypeptidase,PG,,
,,PSPPH_2081,PSPTO_2314,Psyr_2111,dacB,,Pgsyn-np,,
,,PSPPH_4402,PSPTO_4821,Psyr_4361,dacC,Serine-type D-Ala-D-Ala carboxypeptidase,PG,Very similar to DacA in sequence in SE but annotated as DacC in pao1 so using this naming,
PA4003,,PSPPH_4407,PSPTO_4825,Psyr_4365,mrdA,penicillin-binding protein 2,PG,Another analogue with ~70% identity present in all 3,
,,PSPPH_2858,PSPTO_2509,Psyr_2313,mrdA-like,penicillin-binding protein,PG,No unique analogue in PAO1,
PA4419,,PSPPH_4115,PSPTO_4415,Psyr_4109,ftsI,cell division protein FtsL,PG,Note is near Mur operon for PG biosynthesis,
,,,,,ldtA,"L,D‑transpeptidases",PG,,
,,,,,ldtB,,PG,,
PA2854,,PSPPH_2041,PSPTO_2270,Psyr_2070,ldt-like,"putative L,D-transpeptidase",PG,Low conservation may be putative same as ldtA/B/E hit,
,,PSPPH_5159,PSPTO_5528,Psyr_5077,amiC,N-acetylmuramoyl-L-alanine amidase,PG,Amidases,
,,PSPPH_0843,PSPTO_0950,Psyr_0817,ampD,N-acetyl-anhydromuranmyl-L-alanine amidase,Pgsyn-np,,
,,PSPPH_0254,"	PSPTO_0338",Psyr_0265,amiD (ybjR)-like,,PG,Conservation not great two analogues in PAO1,
PA1222,,PSPPH_0919,PSPTO_1025,Psyr_0880,mltA,MltA domain-containing protein,PG,Lytic transglycosylases - there are again more in the pseudomonas genome I have not compiled,
,,"PSPPH_4405	",PSPTO_4823,Psyr_4363,mltB,membrane-bound lytic murein transglycosylase B,Pgsyn-np,,
,,,,,mltC,,PG,,
,,PSPPH_1709,PSPTO_3715,Psyr_1760,mltD,"	membrane-bound lytic murein transglycosylase D",PG,,
,,PSPPH_1340,PSPTO_1458,Psyr_1268,mltF,transglycosylase,PG,Based on comparison with PAO1 mltF; also highest hit for mltA,
,,PSPPH_2032,PSPTO_2256,Psyr_2061,uSLT1,SLT,Pgsyn-np,,
,,PSPPH_3215,PSPTO_3522,Psyr_3295,uSLT2,SLT,Pgsyn-np,Highest match for MltC 26% identity,
,,PSPPH_3705,PSPTO_1705,Psyr_3684,umepS1,"NLP/P60 family protein	",PG,,
,,PSPPH_3704,PSPTO_1706,Psyr_3683,umepS2,"NLP/P60 family protein	",PG,,
,,PSPPH_0470,PSPTO_5044,Psyr_0479,umepS3,"NLP/P60 family protein	",PG,Low conservation with ecoli K12,
,,PSPPH_0687,PSPTO_0607,Psyr_4566,mepM-like1,M24/M37 family peptidase,Pgsyn-np,Low match scores but is annoted in pao1,
,,PSPPH_1330,"	PSPTO_1445","	Psyr_1258",mepM-like2,M24/M37 family peptidase,Pgsyn-np,,
,,PSPPH_4917,PSPTO_5328,Psyr_4886,mepM-like3,M24/M37 family peptidase,Pgsyn-np,,
,,PSPPH_5117,PSPTO_5480,"Psyr_5035	",mepM-like4,M24/M37 family peptidase,Pgsyn-np,,
,,PSPPH_3810,PSPTO_1564,Psyr_1373,NlpD,"lipoprotein NlpD	",Pgsyn-np,,
,,PSPPH_2573,PSPTO_2681,Psyr_2414,pbpG,penicillin-binding protein 7,Pgsyn-np,,
,,,,,lppB,Links OM to PG,Braun lipoprotein,Analogue is oprI,
,,PSPPH_3766,PSPTO_3971,Psyr_1416,oprL,OprL is an 18-kDa Pal homolog that also tethers the outer membrane to peptidoglycan,PGOM,https://journals.asm.org/doi/10.1128/jb.01253-12,
,,PSPPH_2042,PSPTO_2272,Psyr_2071,oprI,OprI is an 8-kDa homolog of Braun's lipoprotein (Lpp) and is proposed to covalently interact with the peptidoglycan layer,PGOM,https://journals.asm.org/doi/10.1128/jb.01253-12,
,,PSPPH_2068,PSPTO_2299,Psyr_2097,oprF,OprF is a 38-kDa OmpA homolog that serves both as a porin and as a tether that noncovalently links the outer membrane to peptidoglycan,PGOM,https://journals.asm.org/doi/10.1128/jb.01253-12,
PA5394,,PSPPH_5161,PSPTO_5530,Psyr_5079,cls,cardiolipin synthetase,Cls,Its also next to cfa2 in 1448a and b728a,
,,PSPPH_3197,PSPTO_3503,Psyr_3277,cls2,cardiolipin synthase 2,Cls,Is better match for ClsB from salmonella (50%) which has altered expression in stationary phase,
,,PSPPH_0217,PSPTO_0095,Psyr_0229,cls3,phospholipase D/transphosphatidylase,Cls,Shown promiscuous phospholipid synthesis in DC3000 https://www.sciencedirect.com/science/article/pii/S1388198121000524 and most similar to ecoli ClsC but with features of all three ecoli clsA/B/C; also Fairly poor match for ClsC from salmonella (35%); required for PE synthase in ,
,,PSPPH_0916,PSPTO_1024,Psyr_0878,uPLD1,phospholipase D/transphosphatidylase,Cls,Other phospholipase D which came up in the orthologue searches,
,,PSPPH_4049,PSPTO_4349,Psyr_4044,uPLD2,cardiolipin synthase 2,Cls,Poor match for other cls genes (~30%) but seems related to phospholipid metabolism and annotated as cariolipin synthase in 1448a though PLD in the other two,
,,PSPPH_0901,PSPTO_1000,Psyr_0866,pcs,CDP-alcohol phosphatidyltransferase,PL,Synthesises phosphatidyl choline in DC3000 https://www.sciencedirect.com/science/article/pii/S1388198121000524; also shown in a different pv syringae strain ,
,,PSPPH_0875,PSPTO_0984,Psyr_0849,pssA-1,"CDP-diacylglycerol--serine O-phosphatidyltransferase	",PL,Involved in canonical PE synthesis,
,,,PSPTO_3463,Psyr_3244,pssA-2,"CDP-diacylglycerol--serine O-phosphatidyltransferase	",PL,Involved in canonical PE synthesis; no second analogue in 1448a,
,,PSPPH_0552,PSPTO_4955,Psyr_0559,psd,bifunctional thiosulfate sulfurtransferase/phosphatidylserine decarboxylase,PL,Involved in canonical PE synthesis; note this is bifuncitonal unlike PAO1,
PA4957,,,PSPTO_5585,Psyr_5105,udg-like,UDP-glucose 6-dehydrogenase,Mod,Only ~30% conservation multiple potential matches; close to uArn,
PA1343,,,,,pagP,Addition of palmitate to lipid A and phospholipids,Mod,No hits; found in PAO1 by https://doi.org/10.1111/mmi.12451,
,,,,,lpxP,Palmitoleote Incorporation,Mod,Best analogue is an LpxL analogue,
PA4517,,,,,cptA,Adds phosphoethanolamine to heptose (I) phosphate in LPS core,Mod,Best hits in syringae are EptA,
,,PSPPH_2811,PSPTO_5583,Psyr_3093,pmrG-like,Ais protein,Mod,Only ~35% conservation,
,,PSPPH_2997,PSPTO_3246,,pmrG-like2,hypothetical protein,Mod,Second similar protein in DC3000 and PSPHH; unclear if this is the correct mapping,
,,PSPPH_5170,PSPTO_5547,Psyr_5087,oafA-like,Acyl transferase,Mod,Only ~33% with SE annotated as acyltransferase not mod,
,,PSPPH_2113,PSPTO_2354,Psyr_2138,wbaN (rfbN),glycosyl transferase family protein; O-antigen polymerase,Oant,About 50% identity with SE; about 20% conserved second hit in 1448a and DC3000,
,,,,,wzzB,O-antigen chain length determinant protein WzzST,Oant,No hits,
,,,,,waaL (rfaL),O-antigen ligase,Oant,No hits,
,,,,,wecC,UDP-N-acetyl-D-mannosamine dehydrogenase,ECA,Hits ~26% from SE already assigned ,
,,,,,rffG,"dTDP-glucose 4,6-dehydratase",ECA,Best hits are RfB1/2 (75%),
,,,,,wecD,dTDP-fucosamine acetyltransferase,ECA,No hits,
,,PSPPH_0823,,,wzxE-like,hypothetical protein,ECA,Only hit in PSPPH partial and 25% identity to SE says its dTDP-fucosamine acetyltransferase in SE,Lipid III flippase
,,,,,wecF,TDP-N-acetylfucosamine:lipid II N-acetylfucosaminyltransferase,ECA,No hits,
,,,,,wecG,UDP-N-acetyl-D-mannosaminuronic acid transferase,ECA,No hits,
PA4700,,PSPPH_0868,PSPTO_0977,Psyr_0842,mrcB,penicillin-binding protein 1B,Pgsyn-np,There are a lot of other penicillin binding proteins I could add; this one was on kegg,
,,,,,,,,,
,,,PSPTO_1026,,wssA,cell morphology protein,Wss,Wss mentioned by https://pmc.ncbi.nlm.nih.gov/articles/PMC8982409/ in DC3000; cellulose related,
,,,PSPTO_1027,,wssB,"cellulose synthase, catalytic subunit",Wss,,
,,,PSPTO_1028,,wssC,cellulose synthase regulator protein,Wss,,
,,,PSPTO_1029,,wssD,endoglucanase,Wss,,
,,,PSPTO_1030,,wssE,cellulose synthase operon protein C,Wss,,
,,,PSPTO_1031,,wssF,cell morphology protein,Wss,,
,,,PSPTO_1032,,wssG,cell morphology protein,Wss,,
,,,PSPTO_1033,,wssH,"cellulose acetylase, subunit WssH",Wss,,
,,,PSPTO_1034,,wssI,cell morphology protein,Wss,,
PA2151,,PSPPH_2646,PSPTO_2760,Psyr_2489,glgE,alpha-amylase family protein,a-glu,Major source of polymeric a-glucan in PAO1,
PA2152,,PSPPH_2647,PSPTO_2761,Psyr_2490,treS/pep2,alpha-amylase family protein,a-glu,Needed for GlgE-a-glucan; loss -> dessication sensitivity,
PA2153,,PSPPH_2648,PSPTO_2762,Psyr_2491,glgB,"1,4-alpha-glucan-branching protein",a-glu,Does branching a-glucan branching; not needed for desication resistance in PAO1,
PA2144,,PSPPH_0356,PSPTO_5165,Psyr_0374,glgP,glycogen phosphorylase,a-glu,Recycles branched alpha-glucan,
,,PSPPH_2248,PSPTO_3125,Psyr_2992,glgA,glycogen synthase,tre,Needed for GlgE-a-glucan; loss -> dessication sensitivity; but this cluster is geared towards trehalose or maltose in vivo in PAO1,
,,PSPPH_2247,PSPTO_3126,Psyr_2993,treZ,alpha-amylase family protein,tre,tre also mentioned by https://pmc.ncbi.nlm.nih.gov/articles/PMC8982409/ in DC3000; alpha glucan and osmotic stress tolerance related?,
,,PSPPH_2246,PSPTO_3127,Psyr_2994,malQ,4-alpha-glucanotransferase,tre,,
,,PSPPH_2245,PSPTO_3128,Psyr_2995,treY,glycosyl hydrolase family protein,tre,,
,,PSPPH_2244,PSPTO_3129,Psyr_2996,uHypo6,Hypothetical protein,tre,,
,,PSPPH_2243,PSPTO_3130,Psyr_2997,glgX,glycogen operon protein GlgX,tre,Removes branches -> aids recycling branched a-glucan,
,,PSPPH_2242,PSPTO_3131,Psyr_2998,uHypo7,Hypothetical protein,tre,The following are in the same operon as glgX,
,,PSPPH_2241,PSPTO_3132,Psyr_2999,uHypo8,Hypothetical protein,tre,,
,,PSPPH_2240,PSPTO_3133,Psyr_3000,uMeth3,methyltransferase,tre,,
,,PSPPH_2239,PSPTO_3134,Psyr_3001,uGlyc7,glycosyl transferase family protein,tre,,
